name,CMC,Type,Color,Set,Collector Number,Rarity,Color Category,status,Finish,maybeboard,image URL,image Back URL,tags,Notes,MTGO ID
Esper Sentinel,1,Artifact Creature - Human Soldier,W,mh2,12,rare,w,Owned,Non-foil,FALSE,,,,,90393
Giver of Runes,1,Creature - Kor Cleric,W,mh1,13,rare,w,Not Owned,Non-foil,FALSE,,,,,72398
Mother of Runes,1,Creature - Human Cleric,W,ulg,14,uncommon,w,Not Owned,Non-foil,FALSE,,,New,,12553
Student of Warfare,1,Creature - Human Knight,W,roe,47,rare,w,Not Owned,Non-foil,FALSE,,,New,,36586
Thraben Inspector,1,Creature - Human Soldier,W,mb1,260,common,w,Not Owned,Non-foil,FALSE,,,,,
Usher of the Fallen,1,Creature - Spirit Warrior,W,khm,35,uncommon,w,Owned,Non-foil,FALSE,,,,,87393
Adanto Vanguard,2,Creature - Vampire Soldier,W,xln,1,uncommon,w,Not Owned,Non-foil,FALSE,,,New,,65012
Cathar Commando,2,Creature - Human Soldier,W,mid,10,common,w,Owned,Non-foil,FALSE,,,,,92942
Containment Priest,2,Creature - Human Cleric,W,uma,11,rare,w,Not Owned,Non-foil,FALSE,,,New,,70095
Intrepid Adversary,2,Creature - Human Scout,W,mid,25,mythic,w,Owned,Non-foil,FALSE,,,,,92976
Leonin Relic-Warder,2,Creature - Cat Cleric,W,c17,65,uncommon,w,Not Owned,Non-foil,FALSE,,,New,,
Lion Sash,2,Artifact Creature - Equipment Cat,W,neo,26,rare,w,Owned,Non-foil,FALSE,,,,,96962
Selfless Spirit,2,Creature - Spirit Cleric,W,emn,40,rare,w,Not Owned,Non-foil,FALSE,,,New,,61102
Stoneforge Mystic,2,Creature - Kor Artificer,W,wwk,20,rare,w,Not Owned,Non-foil,FALSE,,,New,,35737
"Thalia, Guardian of Thraben",2,Legendary Creature - Human Soldier,W,a25,36,rare,w,Not Owned,Non-foil,FALSE,,,New,,66986
Tithe Taker,,Creature - Human Soldier,,rna,27,rare,w,Owned,,FALSE,,,,,71054
Wall of Omens,2,Creature - Wall,W,ema,34,uncommon,w,Not Owned,Non-foil,FALSE,,,New,,60645
"Adeline, Resplendent Cathar",3,Legendary Creature - Human Knight,W,mid,1,rare,w,Owned,Non-foil,FALSE,,,,,92916
Blade Splicer,3,Creature - Human Artificer,W,mm3,3,rare,w,Not Owned,Non-foil,FALSE,,,New,,63265
Elite Spellbinder,3,Creature - Human Cleric,W,stx,17,rare,w,Owned,Non-foil,FALSE,,,,,88511
Flickerwisp,3,Creature - Elemental,W,e01,9,uncommon,w,Not Owned,Non-foil,FALSE,,,New,,
Guardian of Ghirapur,,Creature - Angel,,mom,16,rare,w,Owned,,FALSE,,,,,109828
Loran of the Third Path,3,Legendary Creature - Human Artificer,W,bro,12,rare,w,Owned,Non-foil,FALSE,,,,,104642
Loyal Retainers,,Creature - Human Advisor,,ptk,12,uncommon,w,Owned,,FALSE,,,,,
Monastery Mentor,3,Creature - Human Monk,W,frf,20,mythic,w,Not Owned,Non-foil,FALSE,,,New,,55410
Porcelain Legionnaire,3,Artifact Creature - Soldier,W,nph,19,common,w,Not Owned,Non-foil,FALSE,,,New,,39834
Recruiter of the Guard,3,Creature - Human Soldier,W,pz2,5,rare,w,Not Owned,Non-foil,FALSE,,,New,,62271
Skyclave Apparition,3,Creature - Kor Spirit,W,znr,39,rare,w,Owned,Non-foil,FALSE,,,,,83023
White Plume Adventurer,,Creature - Orc Cleric,,clb,49,rare,w,Owned,,FALSE,,,,,100096
Arena Rector,,Creature - Human Cleric,,bbd,23,mythic,w,Owned,,FALSE,,,,,68774
Hero of Bladehold,4,Creature - Human Knight,W,mbs,8,mythic,w,Not Owned,Non-foil,FALSE,,,New,,39539
Palace Jailer,4,Creature - Human Soldier,W,cn2,18,uncommon,w,Owned,Non-foil,FALSE,,,,,
Restoration Angel,4,Creature - Angel,W,ima,28,rare,w,Not Owned,Non-foil,FALSE,,,New,,65935
"Teshar, Ancestor's Apostle",,Legendary Creature - Bird Cleric,,dom,36,rare,w,Owned,,FALSE,,,,,67537
Angel of Sanctions,,Creature - Angel,,akh,1,mythic,w,Owned,,FALSE,,,,,63604
"Elesh Norn, Mother of Machines",,Legendary Creature - Phyrexian Praetor,,one,10,mythic,w,Owned,,FALSE,,,,,106235
Solitude,5,Creature - Elemental Incarnation,W,mh2,32,mythic,w,Owned,Non-foil,FALSE,,,,,90433
"Elesh Norn, Grand Cenobite",7,Legendary Creature - Praetor,W,ima,18,mythic,w,Not Owned,Non-foil,FALSE,,,New,,65915
"Iona, Shield of Emeria",9,Legendary Creature - Angel,W,zen,13,mythic,w,Not Owned,Non-foil,FALSE,,,New,,34614
"Elspeth, Knight-Errant",4,Legendary Planeswalker - Elspeth,W,ddf,1,mythic,w,Owned,Non-foil,FALSE,,,,,37698
"Gideon, Ally of Zendikar",4,Legendary Planeswalker - Gideon,W,bfz,29,mythic,w,Not Owned,Non-foil,FALSE,,,New,,58317
The Wandering Emperor,4,Legendary Planeswalker,W,neo,303,mythic,w,Owned,Non-foil,FALSE,,,,,
Gideon Jura,5,Legendary Planeswalker - Gideon,W,roe,21,mythic,w,Not Owned,Non-foil,FALSE,,,New,,36346
"Elspeth, Sun's Champion",6,Legendary Planeswalker - Elspeth,W,ths,9,mythic,w,Not Owned,Non-foil,FALSE,,,New,,50304
Enlightened Tutor,,Instant,,mir,14,uncommon,w,Owned,,FALSE,,,,,6947
Ephemerate,1,Instant,W,mh1,7,common,w,Owned,Non-foil,FALSE,,,,,72386
Mana Tithe,1,Instant,W,plc,25,common,w,Not Owned,Non-foil,FALSE,,,New,,26511
March of Otherworldly Light,,Instant,,neo,28,rare,w,Owned,,FALSE,,,,,96966
Path to Exile,1,Instant,W,cma,19,uncommon,w,Not Owned,Non-foil,FALSE,,,New,,
Swords to Plowshares,1,Instant,W,bbd,110,uncommon,w,Not Owned,Non-foil,FALSE,,,New,,
Oust,1,Sorcery,W,roe,40,uncommon,w,Owned,Non-foil,FALSE,,,,,36682
Balance,2,Sorcery,W,ema,2,mythic,w,Not Owned,Non-foil,FALSE,,,New,,60981
Winds of Abandon,2,Sorcery,W,plist,41,rare,w,Owned,Non-foil,FALSE,,,,,
Council's Judgment,3,Sorcery,W,vma,20,rare,w,Not Owned,Non-foil,FALSE,,,New,,53181
Armageddon,4,Sorcery,W,a25,5,mythic,w,Not Owned,Non-foil,FALSE,,,New,,66924
Ravages of War,4,Sorcery,W,prm,55864,rare,w,Not Owned,Non-foil,FALSE,,,New,,55864
Wrath of God,4,Sorcery,W,ema,38,rare,w,Not Owned,Non-foil,FALSE,,,New,,60649
Spectral Procession,6,Sorcery,W,mm2,33,uncommon,w,Not Owned,Non-foil,FALSE,,,New,,57348
Mox Pearl,,Artifact,W,vma,7,bonus,w,Not Owned,Non-foil,FALSE,,,New,,52597
Seal from Existence,,Enchantment,,mom,35,uncommon,w,Owned,,FALSE,,,,,109876
Temporary Lockdown,3,Enchantment,W,dmu,36,rare,w,Owned,Non-foil,FALSE,,,,,102548
Parallax Wave,4,Enchantment,W,vma,37,rare,w,Not Owned,Non-foil,FALSE,,,New,,52839
Elspeth Conquers Death,,Enchantment - Saga,,thb,13,rare,w,Owned,,FALSE,,,,,79150
"Baral, Chief of Compliance",2,Legendary Creature - Human Wizard,U,aer,28,rare,u,Not Owned,Non-foil,FALSE,,,New,,62653
"Jace, Vryn's Prodigy",2,Legendary Creature - Human Wizard ,U,v17,12,mythic,u,Not Owned,Non-foil,FALSE,,,New,,66435
Looter il-Kor,,Creature - Kor Rogue,,tsp,66,common,u,Owned,,FALSE,,,,,25851
Phantasmal Image,2,Creature - Illusion,U,mm3,46,rare,u,Not Owned,Non-foil,FALSE,,,New,,63245
Snapcaster Mage,2,Creature - Human Wizard,U,uma,71,mythic,u,Not Owned,Non-foil,FALSE,,,New,,70003
Thassa's Oracle,2,Creature - Merfolk Wizard,U,thb,73,rare,u,Owned,Non-foil,FALSE,,,,,79270
Thieving Skydiver,2,Creature - Merfolk Rogue,U,znr,85,rare,u,Owned,Non-foil,FALSE,,,,,83127
Brazen Borrower,3,Creature - Faerie Rogue ,U,eld,39,mythic,u,Not Owned,Non-foil,FALSE,,,,,78180
Deceiver Exarch,3,Creature - Cleric,U,cma,36,uncommon,u,Not Owned,Non-foil,FALSE,,,New,,
"Emry, Lurker of the Loch",3,Legendary Creature - Merfolk Wizard,U,eld,43,rare,u,Not Owned,Non-foil,FALSE,,,,,78190
Pestermite,3,Creature - Faerie Rogue,U,mma,59,common,u,Not Owned,Non-foil,FALSE,,,New,,48676
Spellseeker,3,Creature - Human Wizard,U,bbd,41,rare,u,Not Owned,Non-foil,FALSE,,,New,,68810
Trinket Mage,3,Creature - Human Wizard,U,ddu,41,common,u,Not Owned,Non-foil,FALSE,,,New,,
Vendilion Clique,3,Legendary Creature - Faerie Wizard,U,a25,76,mythic,u,Not Owned,Non-foil,FALSE,,,New,,67066
Displacer Kitten,,Creature - Cat Beast,,clb,63,rare,u,Owned,,FALSE,,,,,100124
Glen Elendra Archmage,4,Creature - Faerie Wizard,U,uma,58,rare,u,Not Owned,Non-foil,FALSE,,,New,,70189
Phyrexian Metamorph,4,Artifact Creature - Shapeshifter,U,nph,42,rare,u,Not Owned,Non-foil,FALSE,,,New,,39734
Sower of Temptation,4,Creature - Faerie Wizard,U,bbd,131,rare,u,Not Owned,Non-foil,FALSE,,,New,,
"Urza, Lord High Artificer",4,Legendary Creature - Human Artificer,U,mh1,75,mythic,u,Not Owned,Non-foil,FALSE,,,,,72522
"Venser, Shaper Savant",4,Legendary Creature - Human Wizard,U,mm3,55,rare,u,Not Owned,Non-foil,FALSE,,,New,,63491
Mulldrifter,5,Creature - Elemental,U,c18,94,uncommon,u,Not Owned,Non-foil,FALSE,,,New,,
Riftwing Cloudskate,5,Creature - Illusion,U,tsr,82,uncommon,u,Owned,Non-foil,FALSE,,,,,86527
Consecrated Sphinx,6,Creature - Sphinx,U,ima,47,mythic,u,Not Owned,Non-foil,FALSE,,,New,,65973
Agent of Treachery,,Creature - Human Rogue,,m20,43,rare,u,Owned,,FALSE,,,,,72985
Arcane Proxy,7,Artifact Creature - Wizard,U,bro,75,mythic,u,Owned,Non-foil,FALSE,,,,,104768
Palinchron,7,Creature - Illusion,U,vma,86,rare,u,Not Owned,Non-foil,FALSE,,,New,,52791
Inkwell Leviathan,9,Artifact Creature - Leviathan,U,c18,91,rare,u,Not Owned,Non-foil,FALSE,,,New,,
"Narset, Parter of Veils",3,Legendary Planeswalker - Narset,U,war,61,uncommon,u,Not Owned,Non-foil,FALSE,,,,,71728
"Jace, the Mind Sculptor",4,Legendary Planeswalker - Jace,U,wwk,31,mythic,u,Not Owned,Non-foil,FALSE,,,New,,35591
Tezzeret the Seeker,5,Legendary Planeswalker - Tezzeret,U,ala,60,mythic,u,Not Owned,Non-foil,FALSE,,,New,,30979
Ancestral Recall,1,Instant,U,vma,1,bonus,u,Not Owned,Non-foil,FALSE,,,New,,53177
Brainstorm,1,Instant,U,c18,82,uncommon,u,Not Owned,Non-foil,FALSE,,,New,,
Chain of Vapor,,Instant,,ons,73,uncommon,u,Owned,,FALSE,,,,,17847
Consider,1,Instant,U,dbl,44,common,u,Owned,Non-foil,FALSE,,,,,96302
High Tide,1,Instant,U,vma,73,uncommon,u,Not Owned,Non-foil,FALSE,,,New,,53217
Mystical Tutor,1,Instant,U,ema,62,rare,u,Not Owned,Non-foil,FALSE,,,New,,60891
Spell Pierce,1,Instant,U,xln,81,common,u,Not Owned,Non-foil,FALSE,,,New,,65176
Brain Freeze,2,Instant,U,vma,57,uncommon,u,Not Owned,Non-foil,FALSE,,,New,,53153
Counterspell,2,Instant,U,ema,43,common,u,Not Owned,Non-foil,FALSE,,,New,,60895
Daze,2,Instant,U,jvc,23,common,u,Not Owned,Non-foil,FALSE,,,New,,
Mana Drain,2,Instant,U,ima,65,mythic,u,Not Owned,Non-foil,FALSE,,,New,,66009
Mana Leak,2,Instant,U,ima,66,common,u,Not Owned,Non-foil,FALSE,,,New,,66011
Miscalculation,2,Instant,U,ulg,36,common,u,Not Owned,Non-foil,FALSE,,,New,,12607
Remand,2,Instant,U,mm2,55,uncommon,u,Not Owned,Non-foil,FALSE,,,New,,57372
Force of Negation,3,Instant,U,mh1,52,rare,u,Not Owned,Non-foil,FALSE,,,,,72476
Frantic Search,3,Instant,U,uma,57,common,u,Not Owned,Non-foil,FALSE,,,New,,70187
Thirst for Discovery,3,Instant,U,vow,85,uncommon,u,Owned,Non-foil,FALSE,,,,,94486
Cryptic Command,4,Instant,U,ima,48,rare,u,Not Owned,Non-foil,FALSE,,,New,,65975
Fact or Fiction,4,Instant,U,mh1,50,uncommon,u,Not Owned,Non-foil,FALSE,,,New,,72472
Paradoxical Outcome,,Instant,,kld,60,rare,u,Owned,,FALSE,,,,,61909
Turnabout,4,Instant,U,vma,99,uncommon,u,Not Owned,Non-foil,FALSE,,,New,,53175
Force of Will,5,Instant,U,all,28,uncommon,u,Not Owned,Non-foil,FALSE,,,New,,
Mystic Confluence,5,Instant,U,tsr,312,special,u,Owned,Non-foil,FALSE,,,,,87001
Dig Through Time,8,Instant,U,uma,50,rare,u,Not Owned,Non-foil,FALSE,,,New,,70173
Ancestral Vision,,Sorcery,U,ima,42,rare,u,Not Owned,Non-foil,FALSE,,,New,,65963
Gitaxian Probe,1,Sorcery,U,nph,35,common,u,Not Owned,Non-foil,FALSE,,,New,,39976
Ponder,1,Sorcery,U,c18,96,common,u,Not Owned,Non-foil,FALSE,,,New,,
Preordain,1,Sorcery,U,c15,101,common,u,Not Owned,Non-foil,FALSE,,,New,,
Braingeyser,,Sorcery,,lea,50,rare,u,Owned,,FALSE,,,,,
Chart a Course,2,Sorcery,U,xln,48,uncommon,u,Not Owned,Non-foil,FALSE,,,New,,65108
Time Walk,2,Sorcery,U,vma,2,bonus,u,Not Owned,Non-foil,FALSE,,,New,,52987
Timetwister,3,Sorcery,U,vma,3,bonus,u,Not Owned,Non-foil,FALSE,,,New,,53119
Tinker,3,Sorcery,U,ulg,45,uncommon,u,Not Owned,Non-foil,FALSE,,,New,,12623
Bribery,5,Sorcery,U,mmq,62,rare,u,Not Owned,Non-foil,FALSE,,,New,,13563
Time Warp,5,Sorcery,U,e02,12,mythic,u,Not Owned,Non-foil,FALSE,,,New,,
Echo of Eons,6,Sorcery,U,mh1,46,mythic,u,Owned,Non-foil,FALSE,,,,,72464
Mind's Desire,6,Sorcery,U,dds,4,rare,u,Not Owned,Non-foil,FALSE,,,New,,
Time Spiral,6,Sorcery,U,usg,103,rare,u,Not Owned,Non-foil,FALSE,,,New,,12385
Upheaval,6,Sorcery,U,ody,113,rare,u,Not Owned,Non-foil,FALSE,,,New,,16811
Treasure Cruise,8,Sorcery,U,uma,79,common,u,Not Owned,Non-foil,FALSE,,,New,,70231
Mox Sapphire,,Artifact,U,vma,9,bonus,u,Not Owned,Non-foil,FALSE,,,New,,52919
Opposition,4,Enchantment,U,uds,40,rare,u,Not Owned,Non-foil,FALSE,,,New,,12821
Dream Halls,,Enchantment,,sth,28,rare,u,Owned,,FALSE,,,,,10175
Treachery,5,Enchantment - Aura,U,uds,50,rare,u,Not Owned,Non-foil,FALSE,,,New,,13039
Shark Typhoon,6,Enchantment,U,iko,67,rare,u,Owned,Non-foil,FALSE,,,,,80143
Cabal Therapist,,Creature - Horror,,mh1,80,rare,b,Owned,,FALSE,,,,,72532
Putrid Imp,1,Creature - Zombie Imp,B,vma,135,common,b,Not Owned,Non-foil,FALSE,,,New,,52955
Thoughtpicker Witch,,Creature - Human Wizard,,rav,109,common,b,Owned,,FALSE,,,,,23006
Blood Artist,,Creature - Vampire,,avr,86,uncommon,b,Owned,,FALSE,,,,,44105
Bloodghast,2,Creature - Vampire Spirit,B,plist,85,rare,b,Owned,Non-foil,FALSE,,,,,
Dark Confidant,2,Creature - Human Wizard,B,mm2,75,mythic,b,Not Owned,Non-foil,FALSE,,,New,,57344
Dauthi Voidwalker,2,Creature - Dauthi Rogue,B,mh2,397,rare,b,Owned,Non-foil,FALSE,,,,,91067
"Jadar, Ghoulcaller of Nephalia",,Legendary Creature - Human Wizard,,mid,108,rare,b,Owned,,FALSE,,,,,93176
Mesmeric Fiend,2,Creature - Nightmare Horror,B,ddk,7,common,b,Owned,Non-foil,FALSE,,,,,48087
Oona's Prowler,2,Creature - Faerie Rogue,B,lrw,133,rare,b,Not Owned,Non-foil,FALSE,,,New,,28739
Vampire Hexmage,2,Creature - Vampire Shaman,B,c14,168,uncommon,b,Owned,Non-foil,FALSE,,,,,54789
"Braids, Arisen Nightmare",3,Legendary Creature - Nightmare,B,dmu,84,rare,b,Owned,Non-foil,FALSE,,,,,102644
Graveyard Trespasser,3,Creature - Human Werewolf,B,dbl,104,rare,b,Owned,Non-foil,FALSE,,,,,96446
Midnight Reaper,,Creature - Zombie Knight,,grn,77,rare,b,Owned,,FALSE,,,,,69527
Murderous Rider,3,Creature - Zombie Knight ,B,eld,97,rare,b,Not Owned,Non-foil,FALSE,,,,,78308
Ophiomancer,3,Creature - Human Shaman,B,c13,84,rare,b,Not Owned,Non-foil,FALSE,,,New,,51344
Rotting Regisaur,,Creature - Zombie Dinosaur,,m20,111,rare,b,Owned,,FALSE,,,,,73121
Woe Strider,3,Creature - Horror,B,thb,123,rare,b,Owned,Non-foil,FALSE,,,,,79370
"Braids, Cabal Minion",4,Legendary Creature - Human Minion,B,mh2,273,rare,b,Owned,Non-foil,FALSE,,,,,90969
Grief,4,Creature - Elemental Incarnation,B,mh2,87,mythic,b,Owned,Non-foil,FALSE,,,,,90547
Ravenous Chupacabra,4,Creature - Beast Horror,B,a25,104,uncommon,b,Not Owned,Non-foil,FALSE,,,New,,67122
"Sheoldred, the Apocalypse",4,Legendary Creature - Phyrexian Praetor,B,dmu,107,mythic,b,Owned,Non-foil,FALSE,,,,,102690
Custodi Lich,5,Creature - Zombie Cleric,B,cn2,41,rare,b,Owned,Non-foil,FALSE,,,,,
Shriekmaw,5,Creature - Elemental,B,uma,113,uncommon,b,Not Owned,Non-foil,FALSE,,,New,,70299
Grave Titan,6,Creature - Giant,B,m11,97,mythic,b,Not Owned,Non-foil,FALSE,,,New,,37374
Archon of Cruelty,8,Creature - Archon,B,mh2,75,mythic,b,Owned,Non-foil,FALSE,,,,,90523
Griselbrand,8,Legendary Creature - Demon,B,mm3,72,mythic,b,Not Owned,Non-foil,FALSE,,,New,,63341
Liliana of the Veil,3,Legendary Planeswalker - Liliana,B,uma,104,mythic,b,Not Owned,Non-foil,FALSE,,,New,,70281
"Liliana, the Last Hope",3,Legendary Planeswalker - Liliana,B,med,GR2,mythic,b,Owned,Non-foil,FALSE,,,,,69975
Dark Ritual,1,Instant,B,a25,82,common,b,Not Owned,Non-foil,FALSE,,,New,,67078
Entomb,1,Instant,B,uma,94,rare,b,Not Owned,Non-foil,FALSE,,,New,,70261
Fatal Push,1,Instant,B,aer,57,uncommon,b,Not Owned,Non-foil,FALSE,,,New,,62689
Vampiric Tutor,1,Instant,B,j18,2,rare,b,Not Owned,Non-foil,FALSE,,,New,,
Cabal Ritual,2,Instant,B,v16,2,mythic,b,Not Owned,Non-foil,FALSE,,,New,,62123
Goryo's Vengeance,,Instant - Arcane,,bok,67,rare,b,Owned,,FALSE,,,,,21737
Infernal Grasp,2,Instant,B,mid,107,uncommon,b,Owned,Non-foil,FALSE,,,,,93174
Shallow Grave,2,Instant,B,mir,141,rare,b,Not Owned,Non-foil,FALSE,,,New,,7297
Dismember,3,Instant,B,mm2,79,uncommon,b,Not Owned,Non-foil,FALSE,,,New,,57330
Hero's Downfall,3,Instant,B,ths,90,rare,b,Not Owned,Non-foil,FALSE,,,New,,50596
Makeshift Mannequin,4,Instant,B,arc,20,uncommon,b,Not Owned,Non-foil,FALSE,,,New,,
Snuff Out,4,Instant,B,mmq,162,common,b,Owned,Non-foil,FALSE,,,,,13495
Bloodchief's Thirst,1,Sorcery,B,znr,94,uncommon,b,Owned,Non-foil,FALSE,,,,,83151
Bone Shards,1,Sorcery,B,mh2,395,common,b,Owned,Non-foil,FALSE,,,,,91063
Duress,1,Sorcery,B,m20,97,common,b,Not Owned,Non-foil,FALSE,,,New,,73093
Imperial Seal,1,Sorcery,B,me2,96,rare,b,Not Owned,Non-foil,FALSE,,,New,,30780
Inquisition of Kozilek,1,Sorcery,B,mm3,75,uncommon,b,Not Owned,Non-foil,FALSE,,,New,,63497
Mind Twist,1,Sorcery,B,prm,62427,rare,b,Not Owned,Non-foil,FALSE,,,New,,62427
Reanimate,1,Sorcery,B,uma,110,rare,b,Not Owned,Non-foil,FALSE,,,New,,70017
Thoughtseize,1,Sorcery,B,ima,110,rare,b,Not Owned,Non-foil,FALSE,,,New,,66099
Collective Brutality,2,Sorcery,B,emn,85,rare,b,Not Owned,Non-foil,FALSE,,,New,,61144
Demonic Tutor,2,Sorcery,B,uma,93,rare,b,Not Owned,Non-foil,FALSE,,,New,,70009
Exhume,2,Sorcery,B,pd3,17,common,b,Not Owned,Non-foil,FALSE,,,New,,43101
Hymn to Tourach,2,Sorcery,B,ema,92,uncommon,b,Not Owned,Non-foil,FALSE,,,New,,60783
Night's Whisper,2,Sorcery,B,ema,100,common,b,Not Owned,Non-foil,FALSE,,,New,,60837
Toxic Deluge,3,Sorcery,B,ema,108,rare,b,Not Owned,Non-foil,FALSE,,,New,,60829
Yawgmoth's Will,3,Sorcery,B,vma,148,mythic,b,Not Owned,Non-foil,FALSE,,,New,,52781
Damnation,4,Sorcery,B,mm3,63,rare,b,Not Owned,Non-foil,FALSE,,,New,,63097
Tendrils of Agony,4,Sorcery,B,vma,142,uncommon,b,Not Owned,Non-foil,FALSE,,,New,,52797
Mox Jet,,Artifact,B,vma,6,bonus,b,Not Owned,Non-foil,FALSE,,,New,,52713
Wishclaw Talisman,2,Artifact,B,eld,110,rare,b,Not Owned,Non-foil,FALSE,,,,,78342
Bolas's Citadel,6,Legendary Artifact,B,war,79,rare,b,Not Owned,Non-foil,FALSE,,,,,71764
Animate Dead,2,Enchantment - Aura,B,ema,78,uncommon,b,Not Owned,Non-foil,FALSE,,,New,,60877
Bitterblossom,2,Tribal Enchantment - Faerie,B,uma,85,mythic,b,Not Owned,Non-foil,FALSE,,,New,,70007
The Meathook Massacre,,Legendary Enchantment,,mid,112,mythic,b,Owned,,FALSE,,,,,93186
Necromancy,3,Enchantment,B,vis,64,uncommon,b,Not Owned,Non-foil,FALSE,,,New,,7649
Recurring Nightmare,3,Enchantment,B,tpr,113,mythic,b,Not Owned,Non-foil,FALSE,,,New,,56910
Bomat Courier,1,Artifact Creature - Construct,R,kld,199,rare,r,Not Owned,Non-foil,FALSE,,,New,,62075
Goblin Guide,1,Creature - Goblin Scout,R,mm3,96,rare,r,Not Owned,Non-foil,FALSE,,,New,,63509
Goblin Welder,1,Creature - Goblin Artificer,R,cm2,101,rare,r,Not Owned,Non-foil,FALSE,,,New,,
Grim Lavamancer,1,Creature - Human Wizard,R,e01,50,rare,r,Not Owned,Non-foil,FALSE,,,New,,
Monastery Swiftspear,1,Creature - Human Monk,R,ima,140,uncommon,r,Not Owned,Non-foil,FALSE,,,New,,66159
"Ragavan, Nimble Pilferer",1,Legendary Creature - Monkey Pirate,R,mh2,138,mythic,r,Owned,Non-foil,FALSE,,,,,90653
Abbot of Keral Keep,2,Creature - Human Monk,R,ori,127,rare,r,Not Owned,Non-foil,FALSE,,,New,,58042
Dark-Dweller Oracle,,Creature - Goblin Shaman,,m19,134,rare,r,Owned,,FALSE,,,,,68429
Dire Fleet Daredevil,2,Creature - Human Pirate,R,rix,99,rare,r,Not Owned,Non-foil,FALSE,,,New,,66651
Eidolon of the Great Revel,2,Enchantment Creature - Spirit,R,a25,128,rare,r,Not Owned,Non-foil,FALSE,,,New,,67170
Embereth Shieldbreaker,2,Creature - Human Knight ,R,eld,122,uncommon,r,Not Owned,Non-foil,FALSE,,,,,78368
"Kari Zev, Skyship Raider",,Legendary Creature - Human Pirate,,aer,87,rare,r,Owned,,FALSE,,,,,62745
"Magda, Brazen Outlaw",2,Legendary Creature - Dwarf Berserker,R,khm,142,rare,r,Owned,Non-foil,FALSE,,,,,87619
Robber of the Rich,,Creature - Human Archer Rogue,,eld,138,mythic,r,Owned,,FALSE,,,,,78406
Runaway Steam-Kin,2,Creature - Elemental,R,pgrn,115s,rare,r,Not Owned,Non-foil,FALSE,,,New,,
Young Pyromancer,2,Creature - Human Shaman,R,uma,155,uncommon,r,Not Owned,Non-foil,FALSE,,,New,,70383
"Birgi, God of Storytelling",3,Legendary Creature - God,R,khm,123,rare,r,Owned,Non-foil,FALSE,,,,,87579
Bonecrusher Giant,3,Creature - Giant,R,eld,115,rare,r,Owned,Non-foil,FALSE,,,,,78352
Goblin Rabblemaster,3,Creature - Goblin Warrior,R,ddt,46,rare,r,Not Owned,Non-foil,FALSE,,,New,,
Imperial Recruiter,3,Creature - Human Advisor,R,a25,136,mythic,r,Not Owned,Non-foil,FALSE,,,New,,67186
Rampaging Ferocidon,,Creature - Dinosaur,,xln,154,rare,r,Owned,,FALSE,,,,,65324
Seasoned Pyromancer,3,Creature - Human Shaman,R,mh1,145,mythic,r,Not Owned,Non-foil,FALSE,,,,,72662
Avalanche Riders,4,Creature - Human Nomad,R,ulg,74,uncommon,r,Not Owned,Non-foil,FALSE,,,New,,12477
Hellrider,4,Creature - Devil,R,mm3,98,rare,r,Not Owned,Non-foil,FALSE,,,New,,63309
Rekindling Phoenix,,Creature - Phoenix,,rix,111,mythic,r,Owned,,FALSE,,,,,66675
Fury,5,Creature - Elemental Incarnation,R,mh2,313,mythic,r,Owned,Non-foil,FALSE,,,,,
Glorybringer,5,Creature - Dragon,R,akh,134,rare,r,Owned,Non-foil,FALSE,,,,,63870
"Kiki-Jiki, Mirror Breaker",5,Legendary Creature - Goblin Shaman,R,ima,136,mythic,r,Not Owned,Non-foil,FALSE,,,New,,66151
Zealous Conscripts,5,Creature - Human Warrior,R,mm3,116,rare,r,Not Owned,Non-foil,FALSE,,,New,,63333
Inferno Titan,6,Creature - Giant,R,cm2,109,mythic,r,Not Owned,Non-foil,FALSE,,,New,,
Greater Gargadon,,Creature - Beast,,tsp,161,rare,r,Owned,,FALSE,,,,,25581
"Chandra, Acolyte of Flame",,Legendary Planeswalker - Chandra,,m20,126,rare,r,Owned,,FALSE,,,,,73151
"Chandra, Torch of Defiance",4,Legendary Planeswalker - Chandra,R,kld,110,mythic,r,Not Owned,Non-foil,FALSE,,,New,,61573
"Daretti, Scrap Savant",4,Legendary Planeswalker - Daretti,R,cm2,4,mythic,r,Not Owned,Non-foil,FALSE,,,New,,
Burst Lightning,1,Instant,R,mm2,109,common,r,Not Owned,Non-foil,FALSE,,,New,,57148
Lightning Bolt,1,Instant,R,a25,141,uncommon,r,Not Owned,Non-foil,FALSE,,,New,,67196
Red Elemental Blast,1,Instant,R,2ed,170,common,r,Owned,Non-foil,FALSE,,,,,
Abrade,2,Instant,R,hou,83,uncommon,r,Not Owned,Non-foil,FALSE,,,New,,64650
Desperate Ritual,2,Instant - Arcane,R,uma,127,uncommon,r,Not Owned,Non-foil,FALSE,,,New,,70327
Incinerate,2,Instant,R,jvc,51,common,r,Not Owned,Non-foil,FALSE,,,New,,
Pyretic Ritual,2,Instant,R,m11,153,common,r,Not Owned,Non-foil,FALSE,,,New,,37468
Char,3,Instant,R,gk1,28,rare,r,Not Owned,Non-foil,FALSE,,,New,,
Seething Song,3,Instant,R,ddg,70,common,r,Not Owned,Non-foil,FALSE,,,New,,40342
Through the Breach,5,Instant - Arcane,R,uma,152,rare,r,Not Owned,Non-foil,FALSE,,,New,,70377
Fireblast,6,Instant,R,vma,159,uncommon,r,Not Owned,Non-foil,FALSE,,,New,,53071
Chain Lightning,1,Sorcery,R,bbd,171,uncommon,r,Not Owned,Non-foil,FALSE,,,New,,
Faithless Looting,1,Sorcery,R,uma,128,common,r,Not Owned,Non-foil,FALSE,,,New,,70329
Firebolt,,Sorcery,,ody,193,common,r,Owned,,FALSE,,,,,16705
Purphoros's Intervention,,Sorcery,,thb,151,rare,r,Owned,,FALSE,,,,,79426
Mizzium Mortars,2,Sorcery,R,mm3,101,rare,r,Owned,Non-foil,FALSE,,,,,63375
Jeska's Will,,Sorcery,,cmr,187,rare,r,Owned,,FALSE,,,,,85156
Light Up the Stage,3,Sorcery,R,rna,107,uncommon,r,Not Owned,Non-foil,FALSE,,,New,,71214
Wheel of Fortune,3,Sorcery,R,vma,192,mythic,r,Not Owned,Non-foil,FALSE,,,New,,53245
Fiery Confluence,,Sorcery,,c15,26,rare,r,Owned,,FALSE,,,,,
Past in Flames,4,Sorcery,R,mm3,105,mythic,r,Not Owned,Non-foil,FALSE,,,New,,63511
Mox Ruby,,Artifact,R,vma,8,bonus,r,Not Owned,Non-foil,FALSE,,,New,,53243
Embercleave,,Legendary Artifact - Equipment,,eld,120,mythic,r,Owned,,FALSE,,,,,78364
Goblin Bombardment,2,Enchantment,R,tmp,179,uncommon,r,Owned,Non-foil,FALSE,,,,,10077
Underworld Breach,2,Enchantment,R,thb,161,rare,r,Owned,Non-foil,FALSE,,,,,79446
Fable of the Mirror-Breaker,3,Enchantment - Saga,R,neo,141,rare,r,Owned,Non-foil,FALSE,,,,,97210
Mana Flare,3,Enchantment,R,prm,58241,rare,r,Not Owned,Non-foil,FALSE,,,New,,58241
Sulfuric Vortex,3,Enchantment,R,ema,150,rare,r,Not Owned,Non-foil,FALSE,,,New,,60823
Sneak Attack,4,Enchantment,R,ema,148,mythic,r,Not Owned,Non-foil,FALSE,,,New,,60769
Splinter Twin,4,Enchantment - Aura,R,mm2,129,rare,r,Not Owned,Non-foil,FALSE,,,New,,57186
Arbor Elf,1,Creature - Elf Druid,G,a25,160,common,g,Not Owned,Non-foil,FALSE,,,New,,67234
Birds of Paradise,1,Creature - Bird,G,gk2,82,rare,g,Not Owned,Non-foil,FALSE,,,New,,
Elvish Mystic,1,Creature - Elf Druid,G,ddu,7,common,g,Not Owned,Non-foil,FALSE,,,New,,
Elvish Reclaimer,1,Creature - Elf Warrior,G,m20,169,rare,g,Owned,Non-foil,FALSE,,,,,73237
Hexdrinker,1,Creature - Snake,G,mh1,168,mythic,g,Owned,Non-foil,FALSE,,,,,72708
Joraga Treespeaker,1,Creature - Elf Druid,G,roe,190,uncommon,g,Not Owned,Non-foil,FALSE,,,New,,36408
Llanowar Elves,1,Creature - Elf Druid,G,gnt,46,common,g,Not Owned,Non-foil,FALSE,,,New,,
Devoted Druid,2,Creature - Elf Druid,G,uma,162,uncommon,g,Not Owned,Non-foil,FALSE,,,New,,70397
"Rofellos, Llanowar Emissary",2,Legendary Creature - Elf Druid,G,vma,229,rare,g,Not Owned,Non-foil,FALSE,,,New,,52815
Sakura-Tribe Elder,2,Creature - Snake Shaman,G,c18,160,common,g,Not Owned,Non-foil,FALSE,,,New,,
Satyr Wayfinder,,Creature - Satyr,,bng,136,common,g,Owned,,FALSE,,,,,51643
Scavenging Ooze,2,Creature - Ooze,G,cm2,143,rare,g,Not Owned,Non-foil,FALSE,,,New,,
Sylvan Caryatid,2,Creature - Plant,G,ths,180,rare,g,Not Owned,Non-foil,FALSE,,,New,,50260
Wall of Roots,2,Creature - Plant Wall,G,ima,190,common,g,Not Owned,Non-foil,FALSE,,,New,,66259
Augur of Autumn,3,Creature - Human Druid,G,mid,168,rare,g,Owned,Non-foil,FALSE,,,,,93318
Courser of Kruphix,3,Enchantment Creature - Centaur,G,a25,164,rare,g,Not Owned,Non-foil,FALSE,,,New,,67242
Endurance,3,Creature - Elemental Incarnation,G,mh2,317,mythic,g,Owned,Non-foil,FALSE,,,,,
Eternal Witness,3,Creature - Human Shaman,G,uma,163,uncommon,g,Not Owned,Non-foil,FALSE,,,New,,70025
Ramunap Excavator,3,Creature - Naga Cleric,G,hou,129,rare,g,Not Owned,Non-foil,FALSE,,,New,,64742
Reclamation Sage,3,Creature - Elf Shaman,G,c18,159,uncommon,g,Not Owned,Non-foil,FALSE,,,New,,
Springbloom Druid,,Creature - Elf Druid,,mh1,181,common,g,Owned,,FALSE,,,,,72734
Tireless Tracker,3,Creature - Human Scout,G,soi,233,rare,g,Not Owned,Non-foil,FALSE,,,New,,60320
Oracle of Mul Daya,4,Creature - Elf Shaman,G,zen,172,rare,g,Not Owned,Non-foil,FALSE,,,New,,34542
Questing Beast,4,Legendary Creature - Beast,G,eld,171,mythic,g,Not Owned,Non-foil,FALSE,,,,,78482
"Toski, Bearer of Secrets",4,Legendary Creature - Squirrel,G,khm,197,rare,g,Owned,Non-foil,FALSE,,,,,87737
Acidic Slime,5,Creature - Ooze,G,c18,127,uncommon,g,Not Owned,Non-foil,FALSE,,,New,,
Deep Forest Hermit,,Creature - Elf Druid,,mh1,161,rare,g,Owned,,FALSE,,,,,72694
Deranged Hermit,5,Creature - Elf,G,vma,202,rare,g,Not Owned,Non-foil,FALSE,,,New,,52793
Thragtusk,5,Creature - Beast,G,e01,75,rare,g,Not Owned,Non-foil,FALSE,,,New,,
Vorinclex,,Legendary Creature - Phyrexian Praetor,,mom,213,mythic,g,Owned,,FALSE,,,,,110312
Whisperwood Elemental,5,Creature - Elemental,G,frf,145,mythic,g,Owned,Non-foil,FALSE,,,,,55586
"Kogla, the Titan Ape",6,Legendary Creature - Ape,G,iko,162,rare,g,Owned,Non-foil,FALSE,,,,,80333
Primeval Titan,6,Creature - Giant,G,ima,183,mythic,g,Not Owned,Non-foil,FALSE,,,New,,66245
Avenger of Zendikar,7,Creature - Elemental,G,c18,129,mythic,g,Not Owned,Non-foil,FALSE,,,New,,
Hornet Queen,7,Creature - Insect,G,m15,178,rare,g,Owned,Non-foil,FALSE,,,,,53364
Craterhoof Behemoth,8,Creature - Beast,G,mm3,122,mythic,g,Not Owned,Non-foil,FALSE,,,New,,63323
Terastodon,8,Creature - Elephant,G,cma,153,rare,g,Not Owned,Non-foil,FALSE,,,New,,
Woodfall Primus,8,Creature - Treefolk Shaman,G,uma,195,rare,g,Not Owned,Non-foil,FALSE,,,New,,70463
Wrenn and Realmbreaker,,Legendary Planeswalker - Wrenn,,mom,217,mythic,g,Owned,,FALSE,,,,,110322
Garruk Wildspeaker,4,Legendary Planeswalker - Garruk,G,gvl,1,mythic,g,Not Owned,Non-foil,FALSE,,,New,,
"Nissa, Who Shakes the World",5,Legendary Planeswalker - Nissa,G,war,169,rare,g,Not Owned,Non-foil,FALSE,,,,,71944
Crop Rotation,1,Instant,G,ddr,7,common,g,Owned,Non-foil,FALSE,,,,,
Worldly Tutor,,Instant,,mir,255,uncommon,g,Owned,,FALSE,,,,,7445
Force of Vigor,,Instant,,mh1,164,rare,g,Owned,,FALSE,,,,,72700
Green Sun's Zenith,1,Sorcery,G,ema,169,rare,g,Not Owned,Non-foil,FALSE,,,New,,60681
Pest Infestation,1,Sorcery,G,c21,65,rare,g,Owned,Non-foil,FALSE,,,,,89873
Channel,2,Sorcery,G,ima,157,mythic,g,Not Owned,Non-foil,FALSE,,,New,,66193
Finale of Devastation,2,Sorcery,G,war,160,mythic,g,Not Owned,Non-foil,FALSE,,,New,,71926
Regrowth,2,Sorcery,G,mh1,175,uncommon,g,Not Owned,Non-foil,FALSE,,,New,,72722
Time of Need,,Sorcery,,chk,247,uncommon,g,Owned,,FALSE,,,,,21283
Eureka,4,Sorcery,G,vma,208,mythic,g,Not Owned,Non-foil,FALSE,,,New,,53165
Natural Order,4,Sorcery,G,ema,177,mythic,g,Not Owned,Non-foil,FALSE,,,New,,60547
Plow Under,5,Sorcery,G,uds,117,rare,g,Not Owned,Non-foil,FALSE,,,New,,12761
Primal Command,,Sorcery,,lrw,233,rare,g,Owned,,FALSE,,,,,28501
Tooth and Nail,,Sorcery,,mrd,134,rare,g,Owned,,FALSE,,,,,19969
Mox Emerald,,Artifact,G,vma,5,bonus,g,Not Owned,Non-foil,FALSE,,,New,,52877
Birthing Pod,4,Artifact,G,nph,104,rare,g,Owned,Non-foil,FALSE,,,,,39796
Fastbond,1,Enchantment,G,vma,209,mythic,g,Not Owned,Non-foil,FALSE,,,New,,53237
Utopia Sprawl,1,Enchantment - Aura,G,a25,192,uncommon,g,Owned,Non-foil,FALSE,,,,,67298
Oath of Druids,2,Enchantment,G,c16,159,rare,g,Not Owned,Non-foil,FALSE,,,New,,
Survival of the Fittest,2,Enchantment,G,tpr,199,mythic,g,Not Owned,Non-foil,FALSE,,,New,,56956
Sylvan Library,2,Enchantment,G,ema,187,rare,g,Not Owned,Non-foil,FALSE,,,New,,60785
Heartbeat of Spring,3,Enchantment,G,chk,212,rare,g,Not Owned,Non-foil,FALSE,,,New,,21077
Court of Bounty,,Enchantment,,cmr,220,rare,g,Owned,,FALSE,,,,,85222
Pattern of Rebirth,,Enchantment - Aura,,uds,115,rare,g,Owned,,FALSE,,,,,12907
Azorius Signet,2,Artifact,UW,gk2,24,uncommon,m,Not Owned,Non-foil,FALSE,,,New,,
Soulherder,,Creature - Spirit,,mh1,214,uncommon,m,Owned,,FALSE,,,,,72800
Spell Queller,3,Creature - Spirit,UW,emn,189,rare,m,Owned,Non-foil,FALSE,,,,,61480
"Teferi, Time Raveler",3,Legendary Planeswalker - Teferi,UW,war,221,rare,m,Not Owned,Non-foil,FALSE,,,,,72048
Fractured Identity,5,Sorcery,UW,c17,37,rare,m,Not Owned,Non-foil,FALSE,,,New,,
"Teferi, Hero of Dominaria",5,Legendary Planeswalker - Teferi,WU,dom,207,mythic,m,Not Owned,Non-foil,FALSE,,,New,,67879
Baleful Strix,2,Artifact Creature - Bird,BU,e01,80,uncommon,m,Not Owned,Non-foil,FALSE,,,New,,
Dimir Signet,2,Artifact,BU,gk1,22,common,m,Not Owned,Non-foil,FALSE,,,New,,
"Rona, Herald of Invasion",,Legendary Creature - Human Wizard,,mom,75,rare,m,Owned,,FALSE,,,,,109976
Thief of Sanity,,Creature - Specter,,grn,205,rare,m,Owned,,FALSE,,,,,69783
"Tezzeret, Agent of Bolas",,Legendary Planeswalker - Tezzeret,,mbs,97,mythic,m,Owned,,FALSE,,,,,39301
Fallen Shinobi,,Creature - Zombie Ninja,,mh1,199,rare,m,Owned,,FALSE,,,,,72770
The Scarab God,5,Legendary Creature - God,BU,hou,145,mythic,m,Not Owned,Non-foil,FALSE,,,New,,64774
Dreadbore,,Sorcery,,rtr,157,rare,m,Owned,,FALSE,,,,,46443
Rakdos Signet,2,Artifact,BR,gk2,76,uncommon,m,Not Owned,Non-foil,FALSE,,,New,,
"Valki, God of Lies",,Legendary Creature - God,,khm,114,mythic,m,Owned,,FALSE,,,,,87559
"Daretti, Ingenious Iconoclast",3,Legendary Planeswalker - Daretti,BR,pz2,66,mythic,m,Not Owned,Non-foil,FALSE,,,New,,62277
Kolaghan's Command,3,Instant,BR,dtk,224,rare,m,Not Owned,Non-foil,FALSE,,,New,,56082
Mayhem Devil,,Creature - Devil,,war,204,uncommon,m,Owned,,FALSE,,,,,72014
Orcish Lumberjack,,Creature - Orc,,ice,210,common,m,Owned,,FALSE,,,,,24449
Gruul Signet,2,Artifact,GR,gk2,103,uncommon,m,Not Owned,Non-foil,FALSE,,,New,,
Manamorphose,2,Instant,GR,mma,191,uncommon,m,Not Owned,Non-foil,FALSE,,,New,,48894
Wrenn and Six,2,Legendary Planeswalker - Wrenn,GR,mh1,217,mythic,m,Not Owned,Non-foil,FALSE,,,,,72806
Huntmaster of the Fells,4,Creature - Human Werewolf ,GR,v17,11,mythic,m,Not Owned,Non-foil,FALSE,,,New,,66431
"Minsc & Boo, Timeless Heroes",4,Legendary Planeswalker - Minsc,GR,clb,285,mythic,m,Owned,Non-foil,FALSE,,,,,100608
Escape to the Wilds,5,Sorcery,GR,eld,189,rare,m,Owned,Non-foil,FALSE,,,,,78522
"Xenagos, God of Revels",,Legendary Enchantment Creature - God,,bng,156,mythic,m,Owned,,FALSE,,,,,51745
Eladamri's Call,2,Instant,GW,a25,203,rare,m,Owned,Non-foil,FALSE,,,,,67320
Selesnya Signet,2,Artifact,GW,gk1,123,common,m,Not Owned,Non-foil,FALSE,,,New,,
Kitchen Finks,3,Creature - Ouphe,WG,uma,216,uncommon,m,Not Owned,Non-foil,FALSE,,,New,,70047
Knight of Autumn,3,Creature - Dryad Knight,GW,pgrn,183s,rare,m,Not Owned,Non-foil,FALSE,,,New,,
Knight of the Reliquary,3,Creature - Human Knight,GW,ima,203,rare,m,Not Owned,Non-foil,FALSE,,,New,,66285
Mirari's Wake,5,Enchantment,GW,c17,181,mythic,m,Not Owned,Non-foil,FALSE,,,New,,
Damn,2,Sorcery,BW,mh2,396,rare,m,Owned,Non-foil,FALSE,,,,,91065
Orzhov Signet,2,Artifact,BW,gk2,48,common,m,Not Owned,Non-foil,FALSE,,,New,,
Tidehollow Sculler,2,Artifact Creature - Zombie,WB,ala,202,uncommon,m,Not Owned,Non-foil,FALSE,,,New,,31125
Lingering Souls,3,Sorcery,BW,tsr,296,special,m,Owned,Non-foil,FALSE,,,,,86969
Lurrus of the Dream-Den,3,Legendary Creature - Cat Nightmare,BW,iko,226,rare,m,Owned,Non-foil,FALSE,,,,,80461
Vindicate,3,Sorcery,BW,a25,219,rare,m,Not Owned,Non-foil,FALSE,,,New,,67352
Ashen Rider,8,Creature - Archon,BW,ths,187,mythic,m,Not Owned,Non-foil,FALSE,,,New,,50570
Expressive Iteration,2,Sorcery,RU,stx,186,uncommon,m,Owned,Non-foil,FALSE,,,,,88879
Goblin Electromancer,2,Creature - Goblin Wizard,RU,grn,174,common,m,Not Owned,Non-foil,FALSE,,,New,,69721
Izzet Signet,2,Artifact,RU,gk1,46,common,m,Not Owned,Non-foil,FALSE,,,New,,
Third Path Iconoclast,,Creature - Human Monk,,bro,223,uncommon,m,Owned,,FALSE,,,,,105068
Dack Fayden,3,Legendary Planeswalker - Dack,UR,ema,199,mythic,m,Not Owned,Non-foil,FALSE,,,New,,60731
"Saheeli, Sublime Artificer",,Legendary Planeswalker - Saheeli,,war,234,uncommon,m,Owned,,FALSE,,,,,72074
Deathrite Shaman,,Creature - Elf Shaman,,rtr,213,rare,m,Owned,,FALSE,,,,,46777
Fiend Artisan,2,Creature - Nightmare,BG,iko,220,mythic,m,Owned,Non-foil,FALSE,,,,,80449
Golgari Signet,2,Artifact,BG,gk1,73,common,m,Not Owned,Non-foil,FALSE,,,New,,
"Grist, the Hunger Tide",3,Legendary Planeswalker - Grist,BG,mh2,202,mythic,m,Owned,Non-foil,FALSE,,,,,90781
Maelstrom Pulse,3,Sorcery,BG,uma,204,rare,m,Not Owned,Non-foil,FALSE,,,New,,70041
"Vraska, Golgari Queen",4,Legendary Planeswalker - Vraska,BG,med,GR8,mythic,m,Owned,Non-foil,FALSE,,,,,69977
Figure of Destiny,1,Creature - Kithkin,RW,ddl,3,rare,m,Not Owned,Non-foil,FALSE,,,New,,49887
Boros Signet,2,Artifact,RW,gk1,97,common,m,Not Owned,Non-foil,FALSE,,,New,,
Lightning Helix,2,Instant,RW,gk1,90,uncommon,m,Not Owned,Non-foil,FALSE,,,New,,
Wear // Tear,,Instant,,dgm,135,uncommon,m,Owned,,FALSE,,,,,48524
"Nahiri, the Harbinger",4,Legendary Planeswalker - Nahiri,WR,soi,247,mythic,m,Not Owned,Non-foil,FALSE,,,New,,59924
Showdown of the Skalds,4,Enchantment - Saga,RW,khm,229,rare,m,Owned,Non-foil,FALSE,,,,,87801
Hydroid Krasis,2,Creature - Jellyfish Hydra Beast,UG,rna,183,mythic,m,Not Owned,Non-foil,FALSE,,,New,,71366
Simic Signet,2,Artifact,GU,gk2,130,uncommon,m,Not Owned,Non-foil,FALSE,,,New,,
Suspicious Stowaway,2,Creature - Human Rogue Werewolf,GU,mid,80,rare,m,Owned,Non-foil,FALSE,,,,,93106
"Edric, Spymaster of Trest",3,Legendary Creature - Elf Rogue,GU,cns,187,rare,m,Owned,Non-foil,FALSE,,,,,
"Oko, Thief of Crowns",3,Legendary Planeswalker - Oko,GU,eld,197,mythic,m,Not Owned,Non-foil,FALSE,,,,,78538
"Uro, Titan of Nature's Wrath",3,Legendary Creature - Elder Giant,GU,thb,229,mythic,m,Owned,Non-foil,FALSE,,,,,79582
"Koma, Cosmos Serpent",7,Legendary Creature - Serpent,GU,khm,221,mythic,m,Owned,Non-foil,FALSE,,,,,87785
Noble Hierarch,1,Creature - Human Druid,WUG,uma,174,rare,m,Not Owned,Non-foil,FALSE,,,New,,70029
Sphinx of the Steel Wind,8,Artifact Creature - Sphinx,BUW,ema,207,mythic,m,Not Owned,Non-foil,FALSE,,,New,,60621
Ignoble Hierarch,1,Creature - Goblin Shaman,BGR,mh2,414,rare,m,Owned,Non-foil,FALSE,,,,,91101
"Leovold, Emissary of Trest",3,Legendary Creature - Elf Advisor,BGU,cn2,77,mythic,m,Owned,Non-foil,FALSE,,,,,
"Atraxa, Grand Unifier",,Legendary Creature - Phyrexian Angel,,one,196,mythic,m,Owned,,FALSE,,,,,106607
"Omnath, Locus of Creation",4,Legendary Creature - Elemental,WUBRG,znr,232,mythic,m,Owned,Non-foil,FALSE,,,,,83459
"Golos, Tireless Pilgrim",5,Legendary Artifact Creature - Scout,BGRUW,m20,226,rare,m,Not Owned,Non-foil,FALSE,,,,,73351
"Kenrith, the Returned King",,Legendary Creature - Human Noble,,eld,303,mythic,m,Owned,,FALSE,,,,,78686
Niv-Mizzet Reborn,5,Legendary Creature - Dragon Avatar,BGRUW,war,208,mythic,m,Owned,Non-foil,FALSE,,,,,72022
Timeless Lotus,5,Legendary Artifact,BGRUW,dmu,239,mythic,m,Owned,Non-foil,FALSE,,,,,102954
Hangarback Walker,,Artifact Creature - Construct,,ori,229,rare,c,Not Owned,Non-foil,FALSE,,,New,,58128
Walking Ballista,,Artifact Creature - Construct,,aer,181,rare,c,Not Owned,Non-foil,FALSE,,,New,,62561
Phyrexian Revoker,2,Artifact Creature - Horror,,m15,225,rare,c,Not Owned,Non-foil,FALSE,,,New,,53356
Metalworker,3,Artifact Creature - Construct,,uds,135,rare,c,Not Owned,Non-foil,FALSE,,,New,,12921
Lodestone Golem,4,Artifact Creature - Golem,,mm2,219,rare,c,Not Owned,Non-foil,FALSE,,,New,,57168
Solemn Simulacrum,,Artifact Creature - Golem,,mrd,245,rare,c,Owned,,FALSE,,,,,20209
Wurmcoil Engine,6,Artifact Creature - Wurm,,cm2,231,mythic,c,Not Owned,Non-foil,FALSE,,,New,,
Myr Battlesphere,7,Artifact Creature - Myr Construct,,c18,212,rare,c,Not Owned,Non-foil,FALSE,,,New,,
Blightsteel Colossus,12,Artifact Creature - Golem,,mbs,99,mythic,c,Not Owned,Non-foil,FALSE,,,New,,39587
"Emrakul, the Aeons Torn",15,Legendary Creature - Eldrazi,,uma,4,mythic,c,Not Owned,Non-foil,FALSE,,,New,,70081
Sundering Titan,8,Artifact Creature - Golem,,a25,233,rare,c,Not Owned,Non-foil,FALSE,,,New,,67380
"Ulamog, the Ceaseless Hunger",10,Legendary Creature - Eldrazi,,bfz,15,mythic,c,Not Owned,Non-foil,FALSE,,,New,,58301
"Ulamog, the Infinite Gyre",11,Legendary Creature - Eldrazi,,uma,7,mythic,c,Not Owned,Non-foil,FALSE,,,New,,70001
"Karn, Scion of Urza",4,Legendary Planeswalker - Karn,,dom,1,mythic,c,Not Owned,Non-foil,FALSE,,,New,,67467
Karn Liberated,7,Legendary Planeswalker - Karn,,uma,5,mythic,c,Not Owned,Non-foil,FALSE,,,New,,70083
"Ugin, the Spirit Dragon",8,Legendary Planeswalker - Ugin,,frf,1,mythic,c,Not Owned,Non-foil,FALSE,,,New,,55364
Black Lotus,,Artifact,,vma,4,bonus,c,Not Owned,Non-foil,FALSE,,,New,,53155
Chrome Mox,,Artifact,,mrd,152,rare,c,Not Owned,Non-foil,FALSE,,,New,,19831
Everflowing Chalice,,Artifact,,cm2,188,uncommon,c,Not Owned,Non-foil,FALSE,,,New,,
Lion's Eye Diamond,,Artifact,,vma,271,mythic,c,Not Owned,Non-foil,FALSE,,,New,,53221
Lotus Bloom,,Artifact,,mma,208,rare,c,Not Owned,Non-foil,FALSE,,,New,,49050
Lotus Petal,,Artifact,,tmp,294,common,c,Owned,Non-foil,FALSE,,,,,9475
Mana Crypt,,Artifact,,vma,272,mythic,c,Not Owned,Non-foil,FALSE,,,New,,52941
Mishra's Bauble,,Artifact,,2xm,274,uncommon,c,Owned,Non-foil,FALSE,,,,,82582
Mox Diamond,,Artifact,,tpr,228,mythic,c,Not Owned,Non-foil,FALSE,,,New,,56818
Zuran Orb,,Artifact,,ice,350,uncommon,c,Owned,,FALSE,,,,,
Candelabra of Tawnos,,Artifact,,atq,43,rare,c,Owned,,FALSE,,,,,
Mana Vault,1,Artifact,,uma,229,mythic,c,Not Owned,Non-foil,FALSE,,,New,,70051
Relic of Progenitus,1,Artifact,,ema,231,uncommon,c,Not Owned,Non-foil,FALSE,,,New,,60603
Sensei's Divining Top,1,Artifact,,ema,232,rare,c,Not Owned,Non-foil,FALSE,,,New,,60617
Skullclamp,1,Artifact - Equipment,,c17,222,uncommon,c,Not Owned,Non-foil,FALSE,,,New,,
Sol Ring,1,Artifact,,c18,222,uncommon,c,Not Owned,Non-foil,FALSE,,,New,,
Grim Monolith,2,Artifact,,ulg,126,rare,c,Not Owned,Non-foil,FALSE,,,New,,12551
Helm of Awakening,,Artifact,,vis,145,uncommon,c,Owned,,FALSE,,,,,7581
Smuggler's Copter,2,Artifact - Vehicle,,kld,235,rare,c,Not Owned,Non-foil,FALSE,,,New,,61797
Sorcerous Spyglass,,Artifact,,xln,248,rare,c,Owned,,FALSE,,,,,65522
Umezawa's Jitte,2,Legendary Artifact - Equipment,,v16,14,mythic,c,Not Owned,Non-foil,FALSE,,,New,,62103
Winter Orb,2,Artifact,,ema,234,rare,c,Not Owned,Non-foil,FALSE,,,New,,60791
Basalt Monolith,3,Artifact,,cm2,173,uncommon,c,Not Owned,Non-foil,FALSE,,,New,,
Coalition Relic,3,Artifact,,a25,223,rare,c,Not Owned,Non-foil,FALSE,,,New,,67360
Crucible of Worlds,3,Artifact,,pm19,229s,mythic,c,Not Owned,Non-foil,FALSE,,,New,,
Oblivion Stone,3,Artifact,,cm2,205,rare,c,Not Owned,Non-foil,FALSE,,,New,,
Sword of Feast and Famine,3,Artifact - Equipment,,mbs,138,mythic,c,Not Owned,Non-foil,FALSE,,,New,,39549
Sword of Fire and Ice,3,Artifact - Equipment,,dst,148,rare,c,Not Owned,Non-foil,FALSE,,,New,,20535
Worn Powerstone,3,Artifact,,c18,230,uncommon,c,Not Owned,Non-foil,FALSE,,,New,,
Aetherflux Reservoir,,Artifact,,kld,192,rare,c,Owned,,FALSE,,,,,61805
Coercive Portal,4,Artifact,,vma,266,mythic,c,Not Owned,Non-foil,FALSE,,,New,,53183
Thran Dynamo,4,Artifact,,ima,230,uncommon,c,Not Owned,Non-foil,FALSE,,,New,,66339
Batterskull,5,Artifact - Equipment,,nph,130,mythic,c,Not Owned,Non-foil,FALSE,,,New,,39974
Memory Jar,5,Artifact,,vma,276,mythic,c,Not Owned,Non-foil,FALSE,,,New,,52809
Mindslaver,6,Legendary Artifact,,som,176,mythic,c,Not Owned,Non-foil,FALSE,,,New,,38261
Kaldra Compleat,,Legendary Artifact - Equipment,,mh2,227,mythic,c,Owned,,FALSE,,,,,90835
Celestial Colonnade,,Land,WU,uma,238,rare,l,Not Owned,Non-foil,FALSE,,,New,,70059
Hallowed Fountain,,Land - Plains Island,WU,rna,251,rare,l,Not Owned,Non-foil,FALSE,,,New,,71542
Seachrome Coast,,Land,UW,som,229,rare,l,Not Owned,Non-foil,FALSE,,,New,,38289
Tundra,,Land - Plains Island,WU,vma,322,rare,l,Not Owned,Non-foil,FALSE,,,New,,53095
Darkslick Shores,,Land,BU,som,226,rare,l,Not Owned,Non-foil,FALSE,,,New,,38291
Underground River,,Land,,ice,362,rare,l,Owned,,FALSE,,,,,
Underground Sea,,Land - Island Swamp,UB,vma,323,rare,l,Not Owned,Non-foil,FALSE,,,New,,53097
Watery Grave,,Land - Island Swamp,UB,grn,259,rare,l,Not Owned,Non-foil,FALSE,,,New,,69931
Badlands,,Land - Swamp Mountain,BR,vma,291,rare,l,Not Owned,Non-foil,FALSE,,,New,,53077
Blackcleave Cliffs,,Land,BR,som,224,rare,l,Not Owned,Non-foil,FALSE,,,New,,38293
Blood Crypt,,Land - Swamp Mountain,BR,rna,245,rare,l,Not Owned,Non-foil,FALSE,,,New,,71530
Sulfurous Springs,,Land,,ice,360,rare,l,Owned,,FALSE,,,,,
Copperline Gorge,,Land,GR,som,225,rare,l,Not Owned,Non-foil,FALSE,,,New,,38301
Karplusan Forest,,Land,,ice,356,rare,l,Owned,,FALSE,,,,,
Stomping Ground,,Land - Mountain Forest,RG,rna,259,rare,l,Not Owned,Non-foil,FALSE,,,New,,71558
Taiga,,Land - Mountain Forest,RG,vma,317,rare,l,Not Owned,Non-foil,FALSE,,,New,,53089
Horizon Canopy,,Land,GW,zne,26,mythic,l,Owned,Non-foil,FALSE,,,,,83619
Razorverge Thicket,,Land,GW,som,228,rare,l,Not Owned,Non-foil,FALSE,,,New,,38299
Savannah,,Land - Forest Plains,WG,vma,311,rare,l,Not Owned,Non-foil,FALSE,,,New,,53085
Temple Garden,,Land - Forest Plains,WG,grn,258,rare,l,Not Owned,Non-foil,FALSE,,,New,,69929
Concealed Courtyard,,Land,BW,kld,245,rare,l,Not Owned,Non-foil,FALSE,,,New,,61859
Godless Shrine,,Land - Plains Swamp,WB,rna,248,rare,l,Not Owned,Non-foil,FALSE,,,New,,71536
Scrubland,,Land - Plains Swamp,WB,vma,313,rare,l,Not Owned,Non-foil,FALSE,,,New,,53087
Silent Clearing,,Land,BW,mh1,246,rare,l,Owned,Non-foil,FALSE,,,,,72864
Fiery Islet,,Land,RU,mh1,238,rare,l,Owned,Non-foil,FALSE,,,,,72848
Spirebluff Canal,,Land,RU,kld,249,rare,l,Not Owned,Non-foil,FALSE,,,New,,61851
Steam Vents,,Land - Island Mountain,UR,grn,257,rare,l,Not Owned,Non-foil,FALSE,,,New,,69927
Volcanic Island,,Land - Island Mountain,UR,vma,324,rare,l,Not Owned,Non-foil,FALSE,,,New,,53099
Bayou,,Land - Swamp Forest,BG,vma,293,rare,l,Not Owned,Non-foil,FALSE,,,New,,53079
Blooming Marsh,,Land,BG,kld,243,rare,l,Not Owned,Non-foil,FALSE,,,New,,61849
Nurturing Peatland,,Land,BG,mh1,243,rare,l,Owned,Non-foil,FALSE,,,,,72858
Overgrown Tomb,,Land - Swamp Forest,BG,grn,253,rare,l,Not Owned,Non-foil,FALSE,,,New,,69919
Inspiring Vantage,,Land,RW,kld,246,rare,l,Not Owned,Non-foil,FALSE,,,New,,61855
Plateau,,Land - Mountain Plains,WR,vma,308,rare,l,Not Owned,Non-foil,FALSE,,,New,,53081
Sacred Foundry,,Land - Mountain Plains,WR,grn,254,rare,l,Not Owned,Non-foil,FALSE,,,New,,69921
Sunbaked Canyon,,Land,RW,mh1,247,rare,l,Owned,Non-foil,FALSE,,,,,72866
Botanical Sanctum,,Land,GU,kld,244,rare,l,Not Owned,Non-foil,FALSE,,,New,,61853
Breeding Pool,,Land - Forest Island,UG,rna,246,rare,l,Not Owned,Non-foil,FALSE,,,New,,71532
Tropical Island,,Land - Forest Island,GU,vma,321,rare,l,Not Owned,Non-foil,FALSE,,,New,,53093
Waterlogged Grove,,Land,GU,mh1,249,rare,l,Owned,Non-foil,FALSE,,,,,72870
Spara's Headquarters,,Land - Forest Plains Island,GUW,snc,293,rare,l,Owned,Non-foil,FALSE,,,,,
Raffine's Tower,,Land - Plains Island Swamp,BUW,snc,254,rare,l,Owned,Non-foil,FALSE,,,,,98727
Xander's Lounge,,Land - Island Swamp Mountain,BRU,snc,260,rare,l,Owned,Non-foil,FALSE,,,,,98739
Ziatora's Proving Ground,,Land - Swamp Mountain Forest,BGR,snc,261,rare,l,Owned,Non-foil,FALSE,,,,,98741
Jetmir's Garden,,Land - Mountain Forest Plains,GRW,snc,250,rare,l,Owned,Non-foil,FALSE,,,,,98719
Savai Triome,,Land - Mountain Plains Swamp,BRW,iko,253,rare,l,Owned,Non-foil,FALSE,,,,,80515
Ketria Triome,,Land - Forest Island Mountain,GRU,iko,250,rare,l,Owned,Non-foil,FALSE,,,,,80509
Indatha Triome,,Land - Plains Swamp Forest,BGW,iko,248,rare,l,Owned,Non-foil,FALSE,,,,,80505
Raugrin Triome,,Land - Island Mountain Plains,RUW,iko,251,rare,l,Owned,Non-foil,FALSE,,,,,80511
Zagoth Triome,,Land - Swamp Forest Island,BGU,iko,259,rare,l,Owned,Non-foil,FALSE,,,,,80527
Ancient Tomb,,Land,,uma,236,rare,l,Not Owned,Non-foil,FALSE,,,New,,70055
Arid Mesa,,Land,,mm3,229,rare,l,Not Owned,Non-foil,FALSE,,,New,,63185
Bazaar of Baghdad,,Land,,vma,294,mythic,l,Not Owned,Non-foil,FALSE,,,New,,53233
Bloodstained Mire,,Land,,ktk,230,rare,l,Not Owned,Non-foil,FALSE,,,New,,54198
"Boseiju, Who Endures",,Legendary Land,G,neo,412,rare,l,Owned,Non-foil,FALSE,,,,,
City of Traitors,,Land,,exo,143,rare,l,Owned,,FALSE,,,,,10685
Dark Depths,,Legendary Snow Land,,2xm,314,mythic,l,Owned,Non-foil,FALSE,,,,,82662
Flooded Strand,,Land,,ktk,233,rare,l,Not Owned,Non-foil,FALSE,,,New,,54194
Gaea's Cradle,,Legendary Land,G,usg,321,rare,l,Not Owned,Non-foil,FALSE,,,New,,11867
Karakas,,Legendary Land,W,uma,244,mythic,l,Not Owned,Non-foil,FALSE,,,New,,70065
Library of Alexandria,,Land,,vma,303,mythic,l,Not Owned,Non-foil,FALSE,,,New,,53159
Marsh Flats,,Land,,mm3,239,rare,l,Not Owned,Non-foil,FALSE,,,New,,63201
Mishra's Factory,,Land,,a25,242,uncommon,l,Not Owned,Non-foil,FALSE,,,New,,67398
Mishra's Workshop,,Land,,vma,305,mythic,l,Not Owned,Non-foil,FALSE,,,New,,53163
Misty Rainforest,,Land,,mm3,240,rare,l,Not Owned,Non-foil,FALSE,,,New,,63199
Mutavault,,Land,,mor,148,rare,l,Not Owned,Non-foil,FALSE,,,New,,29074
Phyrexian Tower,,Legendary Land,,usg,322,rare,l,Owned,,FALSE,,,,,11961
Polluted Delta,,Land,,ktk,239,rare,l,Not Owned,Non-foil,FALSE,,,New,,54196
Prismatic Vista,,Land,,mh1,244,rare,l,Not Owned,Non-foil,FALSE,,,,,72860
Rishadan Port,,Land,,a25,246,rare,l,Not Owned,Non-foil,FALSE,,,New,,67406
Scalding Tarn,,Land,,mm3,244,rare,l,Not Owned,Non-foil,FALSE,,,New,,63197
Shelldock Isle,,Land,U,lrw,272,rare,l,Not Owned,Non-foil,FALSE,,,New,,28707
Strip Mine,,Land,,vma,316,rare,l,Not Owned,Non-foil,FALSE,,,New,,52853
Thespian's Stage,,Land,,uma,253,rare,l,Owned,Non-foil,FALSE,,,,,70583
Tolarian Academy,,Legendary Land,U,vma,319,mythic,l,Not Owned,Non-foil,FALSE,,,New,,52761
Urza's Saga,,Enchantment Land - Urzaâ€™s Saga,,mh2,259,rare,l,Owned,Non-foil,FALSE,,,,,90899
Verdant Catacombs,,Land,,mm3,249,rare,l,Not Owned,Non-foil,FALSE,,,New,,63205
Wasteland,,Land,,ema,248,rare,l,Not Owned,Non-foil,FALSE,,,New,,60971
Windswept Heath,,Land,,ktk,248,rare,l,Not Owned,Non-foil,FALSE,,,New,,54202
Wooded Foothills,,Land,,ktk,249,rare,l,Not Owned,Non-foil,FALSE,,,New,,54200